message_id,category,confidence,factors
<33004025.1075853131914.JavaMail.evans@thyme>,FINANCE,0.45,['Found 3 keywords']
<5434593.1075862052937.JavaMail.evans@thyme>,FINANCE,0.3,['Found 2 keywords']
<637032.1075862051693.JavaMail.evans@thyme>,PERSONAL,0.0,[]
<2906173.1075855361040.JavaMail.evans@thyme>,PERSONAL,0.0,[]
<33527112.1075853133594.JavaMail.evans@thyme>,FINANCE,0.15,['Found 1 keywords']
<9945897.1075855360639.JavaMail.evans@thyme>,CAREER,0.3,['Found 2 keywords']
<2903650.1075853133701.JavaMail.evans@thyme>,PERSONAL,0.0,[]
<1001303.1075853131482.JavaMail.evans@thyme>,BUSINESS COMMUNICATION,1.0,"['Found 4 keywords', 'Subject matches pattern project|report|business', 'Header contains project']"
<23276038.1075853132477.JavaMail.evans@thyme>,BUSINESS COMMUNICATION,0.15,['Found 1 keywords']
<31284243.1075853131083.JavaMail.evans@thyme>,SHOPPING,0.15,['Found 1 keywords']
<3679588.1075862050191.JavaMail.evans@thyme>,CAREER,0.3,['Found 2 keywords']
<10173274.1075862050350.JavaMail.evans@thyme>,BUSINESS COMMUNICATION,0.15,['Found 1 keywords']
<29549774.1075862053499.JavaMail.evans@thyme>,BUSINESS COMMUNICATION,0.3,['Found 2 keywords']
<5103434.1075862051163.JavaMail.evans@thyme>,FINANCE,0.6,['Found 4 keywords']
<22627966.1075853131244.JavaMail.evans@thyme>,PERSONAL,0.15,['Found 1 keywords']
<24792231.1075855361478.JavaMail.evans@thyme>,PERSONAL,0.15,['Found 1 keywords']
<30806314.1075853131337.JavaMail.evans@thyme>,BUSINESS COMMUNICATION,0.3,['Found 2 keywords']
<26598080.1075855360503.JavaMail.evans@thyme>,PERSONAL,0.0,[]
<12370219.1075862052310.JavaMail.evans@thyme>,BUSINESS COMMUNICATION,0.75,"['Found 2 keywords', 'Subject matches pattern collaboration|meeting|update', 'Header contains meeting']"
<17547387.1075855360044.JavaMail.evans@thyme>,PERSONAL,0.45,['Found 3 keywords']
<19661591.1075862053848.JavaMail.evans@thyme>,FINANCE,0.3,['Found 2 keywords']
<33406793.1075862053087.JavaMail.evans@thyme>,SUBSCRIPTIONS,0.3,['Found 2 keywords']
<21206922.1075862050804.JavaMail.evans@thyme>,CAREER,0.3,['Found 2 keywords']
<11842833.1075853133082.JavaMail.evans@thyme>,BUSINESS COMMUNICATION,0.6,['Found 4 keywords']
<24698327.1075855361017.JavaMail.evans@thyme>,FINANCE,0.75,['Found 5 keywords']
<8908152.1075853131889.JavaMail.evans@thyme>,SUBSCRIPTIONS,0.15,['Found 1 keywords']
<15540491.1075862052855.JavaMail.evans@thyme>,BUSINESS COMMUNICATION,0.85,"['Found 4 keywords', 'Subject matches pattern project|report|business']"
<4115744.1075862051762.JavaMail.evans@thyme>,SUBSCRIPTIONS,0.4,"['Found 1 keywords', 'Subject matches pattern renewal|plan|service']"
<21762243.1075853132549.JavaMail.evans@thyme>,CAREER,0.4,"['Found 1 keywords', 'Subject matches pattern interview|recruitment']"
<10575270.1075862051324.JavaMail.evans@thyme>,BUSINESS COMMUNICATION,0.3,['Found 2 keywords']
<31052740.1075855362247.JavaMail.evans@thyme>,FINANCE,0.75,"['Found 2 keywords', 'Subject matches pattern payment|invoice|transaction', 'Header contains invoice']"
<13677716.1075853133570.JavaMail.evans@thyme>,CAREER,0.3,['Found 2 keywords']
<27038101.1075853133771.JavaMail.evans@thyme>,PERSONAL,0.0,[]
<12057859.1075853133911.JavaMail.evans@thyme>,BUSINESS COMMUNICATION,0.45,['Found 3 keywords']
<31079754.1075855360420.JavaMail.evans@thyme>,BUSINESS COMMUNICATION,0.3,['Found 2 keywords']
<21332100.1075862052242.JavaMail.evans@thyme>,FINANCE,0.6,['Found 4 keywords']
<26957903.1075862053474.JavaMail.evans@thyme>,CAREER,0.15,['Found 1 keywords']
<8299953.1075862051186.JavaMail.evans@thyme>,FINANCE,0.6,['Found 4 keywords']
<11492262.1075853132693.JavaMail.evans@thyme>,FINANCE,0.3,['Found 2 keywords']
<4094236.1075855361501.JavaMail.evans@thyme>,PERSONAL,0.3,['Found 2 keywords']
<2298228.1075853131267.JavaMail.evans@thyme>,CAREER,0.45,['Found 3 keywords']
<23121876.1075862053916.JavaMail.evans@thyme>,SUBSCRIPTIONS,0.55,"['Found 2 keywords', 'Subject matches pattern renewal|plan|service']"
<29353739.1075862050735.JavaMail.evans@thyme>,FINANCE,0.15,['Found 1 keywords']
<31166797.1075853133105.JavaMail.evans@thyme>,CAREER,0.3,['Found 2 keywords']
<9045041.1075855360067.JavaMail.evans@thyme>,CAREER,0.3,['Found 2 keywords']
<13664386.1075855359738.JavaMail.evans@thyme>,SUBSCRIPTIONS,0.15,['Found 1 keywords']
<16558027.1075853133309.JavaMail.evans@thyme>,PERSONAL,0.0,[]
<15997194.1075853132220.JavaMail.evans@thyme>,BUSINESS COMMUNICATION,1.0,"['Found 8 keywords', 'Subject matches pattern project|report|business']"
<3513997.1075862050398.JavaMail.evans@thyme>,SHOPPING,0.3,['Found 2 keywords']
<7821618.1075862051579.JavaMail.evans@thyme>,BUSINESS COMMUNICATION,0.3,['Found 2 keywords']
<739511.1075853131611.JavaMail.evans@thyme>,SHOPPING,0.15,['Found 1 keywords']
<11037400.1075862051999.JavaMail.evans@thyme>,PERSONAL,0.0,[]
<4463018.1075862053788.JavaMail.evans@thyme>,FINANCE,0.3,['Found 2 keywords']
,PERSONAL,0.0,[]
<28031991.1075855361224.JavaMail.evans@thyme>,PERSONAL,0.3,['Found 2 keywords']
<21337040.1075855360351.JavaMail.evans@thyme>,FINANCE,0.6,"['Found 1 keywords', 'Subject matches pattern payment|invoice|transaction', 'Header contains payment']"
<205361.1075862051009.JavaMail.evans@thyme>,BUSINESS COMMUNICATION,0.75,['Found 5 keywords']
<15829925.1075862053642.JavaMail.evans@thyme>,FINANCE,0.45,['Found 3 keywords']
<12904494.1075853132893.JavaMail.evans@thyme>,PERSONAL,0.0,[]
<18353274.1075862051441.JavaMail.evans@thyme>,BUSINESS COMMUNICATION,0.3,['Found 2 keywords']
<27281559.1075862053200.JavaMail.evans@thyme>,PERSONAL,0.15,['Found 1 keywords']
<31073595.1075855361757.JavaMail.evans@thyme>,PERSONAL,0.0,[]
<24722702.1075853132431.JavaMail.evans@thyme>,FINANCE,0.15,['Found 1 keywords']
<20553281.1075855360689.JavaMail.evans@thyme>,CAREER,0.3,['Found 2 keywords']
<12742148.1075855359875.JavaMail.evans@thyme>,CAREER,0.15,['Found 1 keywords']
<2389098.1075862052507.JavaMail.evans@thyme>,BUSINESS COMMUNICATION,1.0,"['Found 4 keywords', 'Subject matches pattern collaboration|meeting|update', 'Header contains update']"
<23944445.1075853132190.JavaMail.evans@thyme>,CAREER,0.15,['Found 1 keywords']
<10458322.1075862050466.JavaMail.evans@thyme>,PERSONAL,0.2,['Header contains confidential']
<19947402.1075855359716.JavaMail.evans@thyme>,FINANCE,0.15,['Found 1 keywords']
<12733038.1075855360851.JavaMail.evans@thyme>,PERSONAL,0.0,[]
<22152834.1075853133379.JavaMail.evans@thyme>,FINANCE,0.6,['Found 4 keywords']
<23151882.1075855361293.JavaMail.evans@thyme>,FINANCE,0.15,['Found 1 keywords']
<3476270.1075853131684.JavaMail.evans@thyme>,BUSINESS COMMUNICATION,0.45,['Found 3 keywords']
<5399073.1075862051974.JavaMail.evans@thyme>,CAREER,0.15,['Found 1 keywords']
<28966808.1075862051046.JavaMail.evans@thyme>,SHOPPING,0.15,['Found 1 keywords']
<12544225.1075862052802.JavaMail.evans@thyme>,FINANCE,0.15,['Found 1 keywords']
<21648511.1075862053619.JavaMail.evans@thyme>,CAREER,0.15,['Found 1 keywords']
<1836594.1075853132823.JavaMail.evans@thyme>,CAREER,0.15,['Found 1 keywords']
<10081236.1075855360283.JavaMail.evans@thyme>,FINANCE,0.15,['Found 1 keywords']
<29673808.1075855360714.JavaMail.evans@thyme>,FINANCE,0.6,"['Found 1 keywords', 'Subject matches pattern payment|invoice|transaction', 'Header contains invoice']"
<22469432.1075862052530.JavaMail.evans@thyme>,BUSINESS COMMUNICATION,0.6,"['Found 1 keywords', 'Subject matches pattern collaboration|meeting|update', 'Header contains update']"
<6626438.1075862051369.JavaMail.evans@thyme>,SUBSCRIPTIONS,0.15,['Found 1 keywords']
<32945561.1075862053270.JavaMail.evans@thyme>,PERSONAL,0.0,[]
<5989398.1075862050618.JavaMail.evans@thyme>,FINANCE,0.4,"['Found 1 keywords', 'Subject matches pattern financial|statement|balance']"
<5734079.1075855361690.JavaMail.evans@thyme>,FINANCE,0.15,['Found 1 keywords']
<14114986.1075853131585.JavaMail.evans@thyme>,BUSINESS COMMUNICATION,1.0,"['Found 4 keywords', 'Subject matches pattern project|report|business', 'Header contains project']"
<8359855.1075862051861.JavaMail.evans@thyme>,PERSONAL,0.0,[]
<32377328.1075862052757.JavaMail.evans@thyme>,BUSINESS COMMUNICATION,0.6,"['Found 1 keywords', 'Subject matches pattern collaboration|meeting|update', 'Header contains update']"
<31396819.1075862051093.JavaMail.evans@thyme>,FINANCE,0.9,"['Found 3 keywords', 'Subject matches pattern payment|invoice|transaction', 'Header contains payment']"
<4437792.1075855361202.JavaMail.evans@thyme>,PERSONAL,0.0,[]
<16740729.1075862052576.JavaMail.evans@thyme>,FINANCE,0.15,['Found 1 keywords']
<12053737.1075855359804.JavaMail.evans@thyme>,SUBSCRIPTIONS,0.15,['Found 1 keywords']
<19334662.1075853133286.JavaMail.evans@thyme>,PERSONAL,0.0,[]
<13127101.1075853132359.JavaMail.evans@thyme>,BUSINESS COMMUNICATION,0.3,['Found 2 keywords']
<29943067.1075862050572.JavaMail.evans@thyme>,SHOPPING,0.15,['Found 1 keywords']
<33060371.1075862053328.JavaMail.evans@thyme>,BUSINESS COMMUNICATION,0.15,['Found 1 keywords']
<31148084.1075862051464.JavaMail.evans@thyme>,PERSONAL,0.0,[]
<1321280.1075862053177.JavaMail.evans@thyme>,BUSINESS COMMUNICATION,0.15,['Found 1 keywords']
<11749207.1075855361599.JavaMail.evans@thyme>,FINANCE,0.6,['Found 4 keywords']
<3372399.1075855360806.JavaMail.evans@thyme>,PERSONAL,0.15,['Found 1 keywords']
<7158257.1075862052432.JavaMail.evans@thyme>,BUSINESS COMMUNICATION,0.85,"['Found 4 keywords', 'Subject matches pattern project|report|business']"
<21236587.1075855360160.JavaMail.evans@thyme>,FINANCE,0.15,['Found 1 keywords']
<31136555.1075855361339.JavaMail.evans@thyme>,BUSINESS COMMUNICATION,0.15,['Found 1 keywords']
<21426971.1075862050929.JavaMail.evans@thyme>,CAREER,0.15,['Found 1 keywords']
<15125175.1075862053715.JavaMail.evans@thyme>,BUSINESS COMMUNICATION,0.3,['Found 2 keywords']
<11150587.1075853132718.JavaMail.evans@thyme>,BUSINESS COMMUNICATION,0.6,['Found 4 keywords']
<22088900.1075853131733.JavaMail.evans@thyme>,CAREER,0.15,['Found 1 keywords']
<8134199.1075855361132.JavaMail.evans@thyme>,PERSONAL,0.3,['Found 2 keywords']
<29619270.1075855360396.JavaMail.evans@thyme>,SUBSCRIPTIONS,0.4,"['Found 1 keywords', 'Subject matches pattern renewal|plan|service']"
<18143540.1075853131507.JavaMail.evans@thyme>,SHOPPING,0.3,['Found 2 keywords']
<6181972.1075853132939.JavaMail.evans@thyme>,BUSINESS COMMUNICATION,0.15,['Found 1 keywords']
<11689922.1075862051884.JavaMail.evans@thyme>,CAREER,0.15,['Found 1 keywords']
<13811410.1075862052734.JavaMail.evans@thyme>,PERSONAL,0.0,[]
<6802249.1075853132384.JavaMail.evans@thyme>,CAREER,0.3,['Found 2 keywords']
<19321734.1075855361930.JavaMail.evans@thyme>,FINANCE,1.0,['Found 7 keywords']
<14916250.1075862050489.JavaMail.evans@thyme>,BUSINESS COMMUNICATION,0.3,['Found 2 keywords']
<19053707.1075855359826.JavaMail.evans@thyme>,SUBSCRIPTIONS,0.3,['Found 2 keywords']
<16646818.1075853133206.JavaMail.evans@thyme>,PERSONAL,0.0,[]
<24836110.1075855360783.JavaMail.evans@thyme>,FINANCE,0.15,['Found 1 keywords']
<31600327.1075862052403.JavaMail.evans@thyme>,BUSINESS COMMUNICATION,0.75,"['Found 2 keywords', 'Subject matches pattern collaboration|meeting|update', 'Header contains meeting']"
<15085970.1075862051532.JavaMail.evans@thyme>,FINANCE,0.45,['Found 3 keywords']
<1675575.1075862053110.JavaMail.evans@thyme>,PERSONAL,0.0,[]
<2555804.1075855361667.JavaMail.evans@thyme>,BUSINESS COMMUNICATION,0.15,['Found 1 keywords']
<14713157.1075862050906.JavaMail.evans@thyme>,CAREER,0.45,['Found 3 keywords']
<449753.1075862053738.JavaMail.evans@thyme>,FINANCE,0.3,['Found 2 keywords']
<11129341.1075862052045.JavaMail.evans@thyme>,PERSONAL,0.0,[]
<24271021.1075853132800.JavaMail.evans@thyme>,BUSINESS COMMUNICATION,0.15,['Found 1 keywords']
<14083598.1075855360259.JavaMail.evans@thyme>,PERSONAL,0.15,['Found 1 keywords']
<32991158.1075853133478.JavaMail.evans@thyme>,SHOPPING,0.15,['Found 1 keywords']
<11930853.1075853133864.JavaMail.evans@thyme>,PERSONAL,0.0,[]
<14151963.1075855361546.JavaMail.evans@thyme>,FINANCE,0.45,['Found 3 keywords']
<9620462.1075853132647.JavaMail.evans@thyme>,SUBSCRIPTIONS,0.15,['Found 1 keywords']
<29893619.1075853131123.JavaMail.evans@thyme>,PERSONAL,0.15,['Found 1 keywords']
<6498212.1075853133159.JavaMail.evans@thyme>,PERSONAL,0.0,[]
<18466649.1075853131781.JavaMail.evans@thyme>,FINANCE,0.3,['Found 2 keywords']
<4052769.1075862052960.JavaMail.evans@thyme>,PERSONAL,0.0,[]
<4226534.1075862051671.JavaMail.evans@thyme>,PERSONAL,0.0,[]
<1963361.1075855360113.JavaMail.evans@thyme>,FINANCE,0.6,['Found 4 keywords']
<19329352.1075855360921.JavaMail.evans@thyme>,PERSONAL,0.0,[]
<30893391.1075855359973.JavaMail.evans@thyme>,CAREER,0.15,['Found 1 keywords']
<1014468.1075862051807.JavaMail.evans@thyme>,PERSONAL,0.0,[]
<517808.1075862050641.JavaMail.evans@thyme>,BUSINESS COMMUNICATION,0.15,['Found 1 keywords']
<10690881.1075853133011.JavaMail.evans@thyme>,CAREER,0.7,"['Found 3 keywords', 'Subject matches pattern career|position|vacancy']"
<30985761.1075862053375.JavaMail.evans@thyme>,BUSINESS COMMUNICATION,0.3,['Found 2 keywords']
<28497650.1075862051277.JavaMail.evans@thyme>,PERSONAL,0.0,[]
<2778211.1075855361409.JavaMail.evans@thyme>,BUSINESS COMMUNICATION,0.6,['Found 4 keywords']
<16836767.1075853131360.JavaMail.evans@thyme>,SHOPPING,0.15,['Found 1 keywords']
<21798693.1075855360525.JavaMail.evans@thyme>,SUBSCRIPTIONS,0.15,['Found 1 keywords']
<14481687.1075862052091.JavaMail.evans@thyme>,FINANCE,0.3,['Found 2 keywords']
<14713147.1075853132574.JavaMail.evans@thyme>,BUSINESS COMMUNICATION,0.45,['Found 3 keywords']
<30102481.1075853131198.JavaMail.evans@thyme>,SUBSCRIPTIONS,0.15,['Found 1 keywords']
<5469876.1075862053548.JavaMail.evans@thyme>,FINANCE,0.75,"['Found 2 keywords', 'Subject matches pattern payment|invoice|transaction', 'Header contains payment']"
<17164768.1075862052357.JavaMail.evans@thyme>,CAREER,0.15,['Found 1 keywords']
<28971789.1075853133501.JavaMail.evans@thyme>,BUSINESS COMMUNICATION,0.6,['Found 4 keywords']
<1703485.1075853133794.JavaMail.evans@thyme>,PERSONAL,0.0,[]
<27965124.1075855360944.JavaMail.evans@thyme>,CAREER,0.3,['Found 2 keywords']
<24039349.1075853131806.JavaMail.evans@thyme>,FINANCE,0.3,['Found 2 keywords']
<11681581.1075862050851.JavaMail.evans@thyme>,CAREER,0.6,['Found 4 keywords']
<2265673.1075862053030.JavaMail.evans@thyme>,BUSINESS COMMUNICATION,0.6,"['Found 1 keywords', 'Subject matches pattern collaboration|meeting|update', 'Header contains update']"
<25227057.1075862051605.JavaMail.evans@thyme>,BUSINESS COMMUNICATION,0.6,"['Found 1 keywords', 'Subject matches pattern project|report|business', 'Header contains business']"
<15507039.1075862053939.JavaMail.evans@thyme>,FINANCE,0.15,['Found 1 keywords']
<15226718.1075862050711.JavaMail.evans@thyme>,CAREER,0.15,['Found 1 keywords']
<17922154.1075853131961.JavaMail.evans@thyme>,SUBSCRIPTIONS,0.3,['Found 2 keywords']
<8150168.1075853132987.JavaMail.evans@thyme>,CAREER,0.4,"['Found 1 keywords', 'Subject matches pattern interview|recruitment']"
<31987384.1075855361086.JavaMail.evans@thyme>,PERSONAL,0.15,['Found 1 keywords']
<2000290.1075855359950.JavaMail.evans@thyme>,SUBSCRIPTIONS,0.15,['Found 1 keywords']
<30922920.1075855360593.JavaMail.evans@thyme>,FINANCE,0.4,"['Found 1 keywords', 'Subject matches pattern financial|statement|balance']"
<28873244.1075853133654.JavaMail.evans@thyme>,FINANCE,0.85,"['Found 4 keywords', 'Subject matches pattern tax|investment']"
<18017286.1075862052219.JavaMail.evans@thyme>,PERSONAL,0.0,[]
<27684551.1075862051256.JavaMail.evans@thyme>,CAREER,0.15,['Found 1 keywords']
<11154363.1075855361385.JavaMail.evans@thyme>,FINANCE,0.3,['Found 2 keywords']
<26050467.1075853131432.JavaMail.evans@thyme>,PERSONAL,0.0,[]
<17958724.1075862050327.JavaMail.evans@thyme>,BUSINESS COMMUNICATION,0.75,['Found 5 keywords']
<26625392.1075862053573.JavaMail.evans@thyme>,BUSINESS COMMUNICATION,1.0,"['Found 6 keywords', 'Subject matches pattern collaboration|meeting|update', 'Header contains update']"
<19886490.1075853131174.JavaMail.evans@thyme>,SUBSCRIPTIONS,0.3,['Found 2 keywords']
<21266517.1075853132597.JavaMail.evans@thyme>,CAREER,0.15,['Found 1 keywords']
<8546114.1075853133817.JavaMail.evans@thyme>,PERSONAL,0.0,[]
<20499662.1075853133524.JavaMail.evans@thyme>,BUSINESS COMMUNICATION,0.15,['Found 1 keywords']
<3025651.1075862052334.JavaMail.evans@thyme>,SUBSCRIPTIONS,0.15,['Found 1 keywords']
<12912626.1075855360966.JavaMail.evans@thyme>,BUSINESS COMMUNICATION,0.15,['Found 1 keywords']
<30900977.1075862051627.JavaMail.evans@thyme>,SUBSCRIPTIONS,0.4,"['Found 1 keywords', 'Subject matches pattern renewal|plan|service']"
<762780.1075862053008.JavaMail.evans@thyme>,FINANCE,0.6,['Found 4 keywords']
<9575696.1075862050827.JavaMail.evans@thyme>,PERSONAL,0.0,[]
<424957.1075853131842.JavaMail.evans@thyme>,FINANCE,0.45,['Found 3 keywords']
<15898262.1075853132963.JavaMail.evans@thyme>,SHOPPING,0.15,['Found 1 keywords']
<33063937.1075853131985.JavaMail.evans@thyme>,SUBSCRIPTIONS,0.15,['Found 1 keywords']
<29811983.1075862050687.JavaMail.evans@thyme>,SHOPPING,0.15,['Found 1 keywords']
<9535452.1075862053962.JavaMail.evans@thyme>,PERSONAL,0.0,[]
<3230384.1075855359928.JavaMail.evans@thyme>,BUSINESS COMMUNICATION,0.3,['Found 2 keywords']
<2869390.1075855361109.JavaMail.evans@thyme>,SUBSCRIPTIONS,0.15,['Found 1 keywords']
<19562345.1075862052195.JavaMail.evans@thyme>,BUSINESS COMMUNICATION,0.85,"['Found 4 keywords', 'Subject matches pattern project|report|business']"
<8425216.1075853133678.JavaMail.evans@thyme>,PERSONAL,0.15,['Found 1 keywords']
<15376545.1075855360571.JavaMail.evans@thyme>,FINANCE,0.9,"['Found 3 keywords', 'Subject matches pattern payment|invoice|transaction', 'Header contains payment']"
<17139126.1075853131408.JavaMail.evans@thyme>,SUBSCRIPTIONS,0.15,['Found 1 keywords']
<30714139.1075855361362.JavaMail.evans@thyme>,CAREER,0.3,['Found 2 keywords']
<3503430.1075862051233.JavaMail.evans@thyme>,BUSINESS COMMUNICATION,0.3,['Found 2 keywords']
<29078148.1075862053421.JavaMail.evans@thyme>,CAREER,0.15,['Found 1 keywords']
<21570417.1075853133841.JavaMail.evans@thyme>,PERSONAL,0.0,[]
<19177920.1075853133454.JavaMail.evans@thyme>,BUSINESS COMMUNICATION,0.15,['Found 1 keywords']
<11554672.1075853131150.JavaMail.evans@thyme>,CAREER,0.9,['Found 6 keywords']
<4542509.1075853132622.JavaMail.evans@thyme>,BUSINESS COMMUNICATION,0.45,['Found 3 keywords']
<18230336.1075855361574.JavaMail.evans@thyme>,PERSONAL,0.15,['Found 1 keywords']
<30781606.1075862051649.JavaMail.evans@thyme>,SUBSCRIPTIONS,0.4,"['Found 1 keywords', 'Subject matches pattern renewal|plan|service']"
<32955540.1075862052983.JavaMail.evans@thyme>,PERSONAL,0.15,['Found 1 keywords']
<1919692.1075853131757.JavaMail.evans@thyme>,PERSONAL,0.0,[]
<29342900.1075853133183.JavaMail.evans@thyme>,BUSINESS COMMUNICATION,0.15,['Found 1 keywords']
<27013196.1075855360897.JavaMail.evans@thyme>,PERSONAL,0.0,[]
<14204049.1075855360136.JavaMail.evans@thyme>,SUBSCRIPTIONS,0.15,['Found 1 keywords']
<3942798.1075855359999.JavaMail.evans@thyme>,SHOPPING,0.3,['Found 2 keywords']
<31223091.1075853133034.JavaMail.evans@thyme>,CAREER,0.55,"['Found 2 keywords', 'Subject matches pattern career|position|vacancy']"
<12210100.1075862050663.JavaMail.evans@thyme>,PERSONAL,0.0,[]
<6376444.1075862053985.JavaMail.evans@thyme>,SUBSCRIPTIONS,0.3,['Found 2 keywords']
<17628764.1075862051784.JavaMail.evans@thyme>,PERSONAL,0.0,[]
<11031437.1075853131384.JavaMail.evans@thyme>,BUSINESS COMMUNICATION,0.9,"['Found 3 keywords', 'Subject matches pattern project|report|business', 'Header contains project']"
<19182113.1075855361432.JavaMail.evans@thyme>,SHOPPING,0.15,['Found 1 keywords']
<4047445.1075862051300.JavaMail.evans@thyme>,PERSONAL,0.0,[]
<17822207.1075862053351.JavaMail.evans@thyme>,SHOPPING,0.3,['Found 2 keywords']
<23425579.1075862052165.JavaMail.evans@thyme>,PERSONAL,0.0,[]
<23357450.1075855360548.JavaMail.evans@thyme>,BUSINESS COMMUNICATION,0.15,['Found 1 keywords']
<15426379.1075855360373.JavaMail.evans@thyme>,FINANCE,0.45,['Found 3 keywords']
<10740081.1075855361157.JavaMail.evans@thyme>,FINANCE,0.15,['Found 1 keywords']
<27308343.1075862052710.JavaMail.evans@thyme>,SUBSCRIPTIONS,0.15,['Found 1 keywords']
<11321623.1075862051908.JavaMail.evans@thyme>,BUSINESS COMMUNICATION,0.4,"['Found 1 keywords', 'Subject matches pattern project|report|business']"
<23538581.1075853132916.JavaMail.evans@thyme>,SHOPPING,0.15,['Found 1 keywords']
<29359115.1075853131531.JavaMail.evans@thyme>,BUSINESS COMMUNICATION,0.45,['Found 3 keywords']
<12257646.1075862050511.JavaMail.evans@thyme>,BUSINESS COMMUNICATION,0.3,['Found 2 keywords']
<12732548.1075855361784.JavaMail.evans@thyme>,FINANCE,1.0,['Found 7 keywords']
<5461777.1075853132408.JavaMail.evans@thyme>,BUSINESS COMMUNICATION,0.3,['Found 2 keywords']
<6228320.1075853133229.JavaMail.evans@thyme>,PERSONAL,0.0,[]
<25719101.1075855359852.JavaMail.evans@thyme>,FINANCE,0.9,['Found 6 keywords']
<20812935.1075862052380.JavaMail.evans@thyme>,PERSONAL,0.0,[]
<3038086.1075855360761.JavaMail.evans@thyme>,BUSINESS COMMUNICATION,0.5,"['Found 2 keywords', 'Header contains team']"
<9141923.1075855361645.JavaMail.evans@thyme>,PERSONAL,0.0,[]
<9231094.1075862053132.JavaMail.evans@thyme>,PERSONAL,0.0,[]
<29610333.1075862051509.JavaMail.evans@thyme>,CAREER,0.15,['Found 1 keywords']
<16512133.1075853132772.JavaMail.evans@thyme>,BUSINESS COMMUNICATION,0.85,"['Found 4 keywords', 'Subject matches pattern project|report|business']"
<18442123.1075862052067.JavaMail.evans@thyme>,CAREER,0.15,['Found 1 keywords']
<9253838.1075862053762.JavaMail.evans@thyme>,PERSONAL,0.15,['Found 1 keywords']
<5351376.1075862050874.JavaMail.evans@thyme>,FINANCE,0.3,['Found 2 keywords']
<5177647.1075855360205.JavaMail.evans@thyme>,SUBSCRIPTIONS,0.6,"['Found 1 keywords', 'Subject matches pattern renewal|plan|service', 'Header contains service']"
<9342960.1075862051116.JavaMail.evans@thyme>,PERSONAL,0.0,[]
<4522469.1075862051837.JavaMail.evans@thyme>,BUSINESS COMMUNICATION,1.0,"['Found 5 keywords', 'Subject matches pattern project|report|business']"
<20730040.1075853131557.JavaMail.evans@thyme>,BUSINESS COMMUNICATION,0.45,['Found 3 keywords']
<19264065.1075855361179.JavaMail.evans@thyme>,PERSONAL,0.0,[]
<23106132.1075853133254.JavaMail.evans@thyme>,PERSONAL,0.15,['Found 1 keywords']
<2049080.1075855359782.JavaMail.evans@thyme>,SUBSCRIPTIONS,0.15,['Found 1 keywords']
<7522740.1075862052599.JavaMail.evans@thyme>,PERSONAL,0.0,[]
<820513.1075862053292.JavaMail.evans@thyme>,CAREER,0.15,['Found 1 keywords']
<23613863.1075862050549.JavaMail.evans@thyme>,BUSINESS COMMUNICATION,0.6,"['Found 1 keywords', 'Subject matches pattern project|report|business', 'Header contains project']"
<2719953.1075853132274.JavaMail.evans@thyme>,CAREER,0.6,['Found 4 keywords']
<1090608.1075855361621.JavaMail.evans@thyme>,PERSONAL,0.0,[]
<24865935.1075862053155.JavaMail.evans@thyme>,CAREER,0.4,"['Found 1 keywords', 'Subject matches pattern interview|recruitment']"
<23164641.1075862051487.JavaMail.evans@thyme>,BUSINESS COMMUNICATION,1.0,"['Found 4 keywords', 'Subject matches pattern collaboration|meeting|update', 'Header contains update']"
<16199077.1075862052456.JavaMail.evans@thyme>,BUSINESS COMMUNICATION,0.15,['Found 1 keywords']
<6477260.1075855360828.JavaMail.evans@thyme>,SUBSCRIPTIONS,0.3,['Found 2 keywords']
<2711092.1075853133405.JavaMail.evans@thyme>,BUSINESS COMMUNICATION,0.6,['Found 4 keywords']
<16494573.1075855361316.JavaMail.evans@thyme>,BUSINESS COMMUNICATION,0.3,['Found 2 keywords']
<4825741.1075855360183.JavaMail.evans@thyme>,FINANCE,0.3,['Found 2 keywords']
<7406168.1075853131708.JavaMail.evans@thyme>,SUBSCRIPTIONS,0.15,['Found 1 keywords']
<6423580.1075853132742.JavaMail.evans@thyme>,PERSONAL,0.0,[]
<17290206.1075862053688.JavaMail.evans@thyme>,BUSINESS COMMUNICATION,0.15,['Found 1 keywords']
<16943843.1075862050959.JavaMail.evans@thyme>,BUSINESS COMMUNICATION,1.0,"['Found 6 keywords', 'Subject matches pattern project|report|business']"
<10144613.1075862050443.JavaMail.evans@thyme>,CAREER,0.2,['Header contains employment']
<10650519.1075853132015.JavaMail.evans@thyme>,FINANCE,0.45,['Found 3 keywords']
<14192125.1075853133355.JavaMail.evans@thyme>,CAREER,0.55,"['Found 2 keywords', 'Subject matches pattern career|position|vacancy']"
<27562679.1075855360874.JavaMail.evans@thyme>,CAREER,0.15,['Found 1 keywords']
<21231963.1075853133935.JavaMail.evans@thyme>,PERSONAL,0.35,"['Found 1 keywords', 'Header contains confidential']"
<7148689.1075855361270.JavaMail.evans@thyme>,PERSONAL,0.45,['Found 3 keywords']
<28901014.1075862051944.JavaMail.evans@thyme>,PERSONAL,0.0,[]
<5698091.1075853131660.JavaMail.evans@thyme>,BUSINESS COMMUNICATION,0.6,"['Found 1 keywords', 'Subject matches pattern project|report|business', 'Header contains business']"
<31124707.1075853132846.JavaMail.evans@thyme>,BUSINESS COMMUNICATION,0.6,"['Found 1 keywords', 'Subject matches pattern project|report|business', 'Header contains project']"
<11073631.1075862053596.JavaMail.evans@thyme>,PERSONAL,0.0,[]
<8304184.1075862052826.JavaMail.evans@thyme>,FINANCE,0.3,['Found 2 keywords']
<3904939.1075862051069.JavaMail.evans@thyme>,SUBSCRIPTIONS,0.15,['Found 1 keywords']
<19007675.1075855360305.JavaMail.evans@thyme>,BUSINESS COMMUNICATION,0.4,"['Found 1 keywords', 'Subject matches pattern project|report|business']"
<22177626.1075862052552.JavaMail.evans@thyme>,PERSONAL,0.2,['Header contains confidential']
<8177663.1075855360737.JavaMail.evans@thyme>,PERSONAL,0.0,[]
<4342608.1075855361712.JavaMail.evans@thyme>,PERSONAL,0.65,"['Sender matches @yahoo.com', 'Found 1 keywords']"
<3771661.1075862050595.JavaMail.evans@thyme>,PERSONAL,0.0,[]
<7744215.1075862053247.JavaMail.evans@thyme>,PERSONAL,0.0,[]
<3386861.1075862051393.JavaMail.evans@thyme>,PERSONAL,0.0,[]
<23868473.1075853133332.JavaMail.evans@thyme>,PERSONAL,0.0,[]
<10816919.1075855359760.JavaMail.evans@thyme>,PERSONAL,0.0,[]
<12622058.1075862051555.JavaMail.evans@thyme>,CAREER,0.3,['Found 2 keywords']
<3963568.1075862050421.JavaMail.evans@thyme>,BUSINESS COMMUNICATION,0.9,"['Found 3 keywords', 'Subject matches pattern project|report|business', 'Header contains project']"
<26734700.1075853132249.JavaMail.evans@thyme>,BUSINESS COMMUNICATION,0.3,['Found 2 keywords']
<15795131.1075862053824.JavaMail.evans@thyme>,SUBSCRIPTIONS,0.4,"['Found 1 keywords', 'Subject matches pattern renewal|plan|service']"
<16697021.1075862052022.JavaMail.evans@thyme>,CAREER,0.15,['Found 1 keywords']
<13831784.1075853131636.JavaMail.evans@thyme>,BUSINESS COMMUNICATION,0.6,['Found 4 keywords']
<29452140.1075855361248.JavaMail.evans@thyme>,FINANCE,0.15,['Found 1 keywords']
<23816990.1075855360328.JavaMail.evans@thyme>,FINANCE,0.15,['Found 1 keywords']
<32910344.1075853132870.JavaMail.evans@thyme>,BUSINESS COMMUNICATION,0.6,"['Found 1 keywords', 'Subject matches pattern project|report|business', 'Header contains project']"
<462210.1075862053665.JavaMail.evans@thyme>,SUBSCRIPTIONS,0.15,['Found 1 keywords']
<32264733.1075862050983.JavaMail.evans@thyme>,FINANCE,0.15,['Found 1 keywords']
<9931755.1075853132454.JavaMail.evans@thyme>,FINANCE,0.3,['Found 2 keywords']
<5334382.1075855361735.JavaMail.evans@thyme>,BUSINESS COMMUNICATION,0.55,"['Found 2 keywords', 'Subject matches pattern proposal|deadline|strategy']"
<33407155.1075862053224.JavaMail.evans@thyme>,FINANCE,0.15,['Found 1 keywords']
<14659070.1075862051417.JavaMail.evans@thyme>,SUBSCRIPTIONS,0.3,['Found 2 keywords']
<30791479.1075862052478.JavaMail.evans@thyme>,PERSONAL,0.0,[]
<12907278.1075855359904.JavaMail.evans@thyme>,BUSINESS COMMUNICATION,0.85,"['Found 4 keywords', 'Subject matches pattern project|report|business']"
<26070942.1075855360663.JavaMail.evans@thyme>,BUSINESS COMMUNICATION,0.5,"['Found 2 keywords', 'Header contains team']"
<25999316.1075855360989.JavaMail.evans@thyme>,CAREER,0.15,['Found 1 keywords']
<23444624.1075862051739.JavaMail.evans@thyme>,SUBSCRIPTIONS,0.4,"['Found 1 keywords', 'Subject matches pattern renewal|plan|service']"
<1334983.1075862052890.JavaMail.evans@thyme>,BUSINESS COMMUNICATION,0.15,['Found 1 keywords']
<28719546.1075853131866.JavaMail.evans@thyme>,BUSINESS COMMUNICATION,0.75,['Found 5 keywords']
<594794.1075855362083.JavaMail.evans@thyme>,FINANCE,1.0,['Found 7 keywords']
<31194529.1075853131031.JavaMail.evans@thyme>,SUBSCRIPTIONS,0.15,['Found 1 keywords']
<745072.1075862051347.JavaMail.evans@thyme>,FINANCE,0.3,['Found 2 keywords']
<17094949.1075853132524.JavaMail.evans@thyme>,SUBSCRIPTIONS,0.3,['Found 2 keywords']
<33338427.1075853133747.JavaMail.evans@thyme>,BUSINESS COMMUNICATION,0.15,['Found 1 keywords']
<913194.1075853133548.JavaMail.evans@thyme>,PERSONAL,0.0,[]
<33057055.1075862052265.JavaMail.evans@thyme>,PERSONAL,0.0,[]
<15597220.1075855360457.JavaMail.evans@thyme>,FINANCE,0.9,['Found 6 keywords']
<573700.1075853133887.JavaMail.evans@thyme>,PERSONAL,0.0,[]
<5175185.1075853131290.JavaMail.evans@thyme>,BUSINESS COMMUNICATION,0.15,['Found 1 keywords']
<25252014.1075855361523.JavaMail.evans@thyme>,FINANCE,0.3,['Found 2 keywords']
<25866764.1075853132670.JavaMail.evans@thyme>,CAREER,0.15,['Found 1 keywords']
<11549705.1075862051209.JavaMail.evans@thyme>,FINANCE,0.6,['Found 4 keywords']
<2132601.1075853133128.JavaMail.evans@thyme>,CAREER,0.3,['Found 2 keywords']
<31036540.1075862050758.JavaMail.evans@thyme>,FINANCE,0.15,['Found 1 keywords']
<7719673.1075862053894.JavaMail.evans@thyme>,BUSINESS COMMUNICATION,0.15,['Found 1 keywords']
<18441378.1075855360089.JavaMail.evans@thyme>,FINANCE,0.45,['Found 3 keywords']
<2738535.1075862051717.JavaMail.evans@thyme>,SUBSCRIPTIONS,0.4,"['Found 1 keywords', 'Subject matches pattern renewal|plan|service']"
<10336717.1075853131937.JavaMail.evans@thyme>,PERSONAL,0.15,['Found 1 keywords']
<22364204.1075855361064.JavaMail.evans@thyme>,PERSONAL,0.0,[]
<13517989.1075853133724.JavaMail.evans@thyme>,BUSINESS COMMUNICATION,0.6,"['Found 1 keywords', 'Subject matches pattern collaboration|meeting|update', 'Header contains update']"
<30486471.1075855360616.JavaMail.evans@thyme>,FINANCE,0.15,['Found 1 keywords']
<10596908.1075853133620.JavaMail.evans@thyme>,BUSINESS COMMUNICATION,0.3,['Found 2 keywords']
<32013033.1075853131059.JavaMail.evans@thyme>,PERSONAL,0.0,[]
<22806531.1075853132500.JavaMail.evans@thyme>,BUSINESS COMMUNICATION,0.3,['Found 2 keywords']
<11974801.1075853131456.JavaMail.evans@thyme>,BUSINESS COMMUNICATION,0.9,"['Found 3 keywords', 'Subject matches pattern project|report|business', 'Header contains project']"
<6254732.1075853131313.JavaMail.evans@thyme>,BUSINESS COMMUNICATION,0.45,['Found 3 keywords']
<2802502.1075855361455.JavaMail.evans@thyme>,BUSINESS COMMUNICATION,0.6,"['Found 1 keywords', 'Subject matches pattern collaboration|meeting|update', 'Header contains update']"
<25952232.1075862051139.JavaMail.evans@thyme>,CAREER,0.35,"['Found 1 keywords', 'Header contains employment']"
<32232128.1075853131221.JavaMail.evans@thyme>,BUSINESS COMMUNICATION,0.15,['Found 1 keywords']
<3905392.1075862053525.JavaMail.evans@thyme>,BUSINESS COMMUNICATION,1.0,"['Found 6 keywords', 'Subject matches pattern collaboration|meeting|update', 'Header contains update']"
<22396449.1075862050375.JavaMail.evans@thyme>,BUSINESS COMMUNICATION,1.0,"['Found 4 keywords', 'Subject matches pattern project|report|business', 'Subject matches pattern proposal|deadline|strategy', 'Header contains project']"
<29200897.1075862052288.JavaMail.evans@thyme>,PERSONAL,0.0,[]
<15266483.1075855360479.JavaMail.evans@thyme>,FINANCE,0.15,['Found 1 keywords']
<30167490.1075855360021.JavaMail.evans@thyme>,PERSONAL,0.0,[]
<8735198.1075853133058.JavaMail.evans@thyme>,PERSONAL,0.0,[]
<27490461.1075862050782.JavaMail.evans@thyme>,BUSINESS COMMUNICATION,0.3,['Found 2 keywords']
<8317694.1075862053871.JavaMail.evans@thyme>,PERSONAL,0.15,['Found 1 keywords']
